<?xml version="1.0" encoding="UTF-8" ?>
<entity-mappings xmlns="http://xmlns.jcp.org/xml/ns/persistence/orm" xmlns:xsi="http://www.w3.org/2001/XMLSchema-instance" xsi:schemaLocation="http://xmlns.jcp.org/xml/ns/persistence/orm http://xmlns.jcp.org/xml/ns/persistence/orm_2_1.xsd" version="2.1">
    <named-query name='Product.findByName'>
        <query> select p from Product p where p.title like :name order by p.title</query>
    </named-query>
    <named-query name='Product.findByCatagory'>
        <query> select p from Product p where p.id in :ids order by p.title</query>
    </named-query>
    <named-query name='Catagory.findByName'>
        <query> select c from Catagory c where c.name like :name </query>
    </named-query>
    <named-query name='Catagory.findIds'>
        <query> select c from Catagory c where c.name like :name </query>
    </named-query>
</entity-mappings>